{"stats":{"minecraft:picked_up":{"minecraft:raw_iron":7,"promenade:carbonite":3,"byg:soapstone":17,"minecraft:andesite":10,"minecraft:gravel":2,"minecraft:diorite":13,"byg:aspen_sapling":2,"minecraft:spider_eye":1,"minecraft:dirt":18,"minecraft:raw_copper":5,"byg:aspen_log":4,"minecraft:wheat_seeds":1,"minecraft:granite":1,"minecraft:cobweb":2,"byg:aspen_crafting_table":1,"twigs:twig":2,"minecraft:coal":12,"minecraft:cobblestone":43},"minecraft:custom":{"minecraft:time_since_rest":27966,"minecraft:interact_with_furnace":2,"minecraft:sprint_one_cm":247,"minecraft:damage_taken":449,"minecraft:walk_one_cm":28607,"minecraft:mob_kills":2,"minecraft:damage_dealt":498,"minecraft:fly_one_cm":1350,"minecraft:interact_with_crafting_table":7,"minecraft:crouch_one_cm":359,"minecraft:play_time":27966,"minecraft:sneak_time":239,"minecraft:jump":43,"minecraft:leave_game":2,"minecraft:walk_on_water_one_cm":1078,"minecraft:time_since_death":27966,"minecraft:total_world_time":27966,"minecraft:damage_resisted":0,"minecraft:hex":0,"minecraft:fall_one_cm":267},"minecraft:mined":{"minecraft:podzol":1,"byg:soapstone":18,"minecraft:iron_ore":7,"promenade:carbonite":3,"byg:aspen_crafting_table":1,"minecraft:andesite":10,"treechop:chopped_log":1,"minecraft:granite":1,"minecraft:grass":2,"minecraft:coal_ore":12,"byg:aspen_log":1,"minecraft:gravel":2,"minecraft:dirt":6,"minecraft:copper_ore":1,"minecraft:stone":44,"minecraft:diorite":13},"minecraft:crafted":{"minecraft:iron_pickaxe":1,"minecraft:iron_ingot":6,"minecraft:stick":10,"minecraft:wooden_pickaxe":1,"byg:aspen_crafting_table":2,"minecraft:stone_pickaxe":1,"minecraft:furnace":1,"minecraft:stone_axe":1,"byg:aspen_planks":16},"minecraft:used":{"byg:aspen_crafting_table":3,"minecraft:stone_pickaxe":102,"minecraft:bread":8,"mythicmetals:bronze_sword":11,"minecraft:iron_pickaxe":4,"minecraft:wooden_pickaxe":6,"minecraft:gravel":2,"byg:soapstone":2,"minecraft:stone_axe":1,"minecraft:dirt":2,"minecraft:furnace":1,"mcdw:bow_shortbow":1,"adorn:stone_torch":5},"minecraft:killed":{"minecraft:cave_spider":1,"minecraft:zombie":1}},"DataVersion":3120}