{"stats":{"minecraft:picked_up":{"byg:aspen_log":1,"minecraft:wheat_seeds":1,"minecraft:dirt":6},"minecraft:custom":{"minecraft:time_since_rest":15966,"minecraft:play_time":15966,"minecraft:sprint_one_cm":71,"minecraft:damage_taken":224,"minecraft:walk_one_cm":12660,"minecraft:sneak_time":3,"minecraft:mob_kills":1,"minecraft:jump":19,"minecraft:damage_dealt":402,"minecraft:leave_game":2,"minecraft:time_since_death":15966,"minecraft:total_world_time":15966,"minecraft:damage_resisted":0,"minecraft:hex":0,"minecraft:fly_one_cm":383},"minecraft:mined":{"minecraft:podzol":1,"minecraft:grass":2,"minecraft:dirt":5},"minecraft:crafted":{"byg:aspen_planks":4},"minecraft:used":{"minecraft:dirt":2,"minecraft:bread":4,"mythicmetals:bronze_sword":8,"adorn:stone_torch":1},"minecraft:killed":{"minecraft:zombie":1}},"DataVersion":3120}