{
  "everycomp:recipes/everycomp.everycomp/af/byg/aspen_shutter": {
    "criteria": {
      "has_planks": "2024-07-08 22:49:02 +0000"
    },
    "done": true
  },
  "everycomp:recipes/everycomp.everycomp/ap/byg/aspen_board_stairs": {
    "criteria": {
      "has_planks": "2024-07-08 22:49:02 +0000"
    },
    "done": true
  },
  "naturescompass:natures_compass": {
    "criteria": {
      "has_compass": "2024-07-08 22:33:38 +0000"
    },
    "done": true
  },
  "biomemakeover:biomemakeover/root": {
    "criteria": {
      "enter_mushroom_fields": "2024-07-08 22:33:38 +0000",
      "enter_swamp": "2024-07-08 22:33:38 +0000",
      "enter_dark_forest": "2024-07-08 22:33:38 +0000",
      "enter_badlands": "2024-07-08 22:33:38 +0000"
    },
    "done": true
  },
  "byg:recipes/byg.byg/aspen_crafting_table": {
    "criteria": {
      "has_planks": "2024-07-08 22:49:02 +0000"
    },
    "done": true
  },
  "advancednetherite:recipes/netherite_emerald_block": {
    "criteria": {
      "has_ingredients": "2024-07-08 22:33:38 +0000"
    },
    "done": true
  },
  "minecraft:recipes/decorations/crafting_table": {
    "criteria": {
      "has_planks": "2024-07-08 22:49:02 +0000"
    },
    "done": true
  },
  "byg:recipes/byg.byg/aspen_stairs": {
    "criteria": {
      "has_planks": "2024-07-08 22:49:02 +0000"
    },
    "done": true
  },
  "advancednetherite:recipes/netherite_gold_block": {
    "criteria": {
      "has_ingredients": "2024-07-08 22:33:38 +0000"
    },
    "done": true
  },
  "toms_storage:unlock_netherite": {
    "criteria": {
      "inv_changed-netherite": "2024-07-08 22:33:38 +0000"
    },
    "done": true
  },
  "adorn:recipes/byg/aspen_kitchen_cupboard": {
    "criteria": {
      "has_planks": "2024-07-08 22:49:02 +0000"
    },
    "done": true
  },
  "everycomp:recipes/everycomp.everycomp/db/byg/aspen_support": {
    "criteria": {
      "has_planks": "2024-07-08 22:49:02 +0000"
    },
    "done": true
  },
  "minecraft:recipes/decorations/chest": {
    "criteria": {
      "has_lots_of_items": "2024-07-08 22:33:38 +0000"
    },
    "done": true
  },
  "everycomp:recipes/everycomp.everycomp/af/byg/aspen_chair": {
    "criteria": {
      "has_planks": "2024-07-08 22:49:02 +0000"
    },
    "done": true
  },
  "vinery:dirt_slab": {
    "criteria": {
      "has_dirt": "2024-07-08 22:43:05 +0000"
    },
    "done": true
  },
  "byg:recipes/byg.byg/aspen_fence_gate": {
    "criteria": {
      "has_planks": "2024-07-08 22:49:02 +0000"
    },
    "done": true
  },
  "decorative_blocks:recipes/decorative_blocks.general/rocky_dirt": {
    "criteria": {
      "has_dirt": "2024-07-08 22:43:05 +0000"
    },
    "done": true
  },
  "byg:recipes/byg.byg/aspen_sign": {
    "criteria": {
      "has_planks": "2024-07-08 22:49:02 +0000"
    },
    "done": true
  },
  "everycomp:recipes/everycomp.everycomp/db/byg/aspen_seat": {
    "criteria": {
      "has_planks": "2024-07-08 22:49:02 +0000"
    },
    "done": true
  },
  "bewitchment:recipes/decorations/dragons_blood_chest": {
    "criteria": {
      "has_lots_of_items": "2024-07-08 22:33:38 +0000"
    },
    "done": true
  },
  "adorn:recipes/byg/aspen_kitchen_counter": {
    "criteria": {
      "has_planks": "2024-07-08 22:49:02 +0000"
    },
    "done": true
  },
  "everycomp:recipes/everycomp.everycomp/ap/byg/aspen_boards": {
    "criteria": {
      "has_planks": "2024-07-08 22:49:02 +0000"
    },
    "done": true
  },
  "seasonsextras:recipes/season_calendar": {
    "criteria": {
      "has_clock": "2024-07-08 22:33:38 +0000"
    },
    "done": true
  },
  "bclib:recipes/decorations/tag_smith_table": {
    "criteria": {
      "has_tag_planks": "2024-07-08 22:49:02 +0000"
    },
    "done": true
  },
  "advancednetherite:recipes/netherite_diamond_block": {
    "criteria": {
      "has_ingredients": "2024-07-08 22:33:38 +0000"
    },
    "done": true
  },
  "minecraft:recipes/misc/stick": {
    "criteria": {
      "has_planks": "2024-07-08 22:49:02 +0000"
    },
    "done": true
  },
  "mcdw:recipes/shortbows/bow_purple_storm": {
    "criteria": {
      "has_base_bow": "2024-07-08 22:33:38 +0000"
    },
    "done": true
  },
  "seasonsextras:recipes/tinted_greenhouse_glass": {
    "criteria": {
      "has_glass": "2024-07-08 22:33:38 +0000"
    },
    "done": true
  },
  "mcdw:recipes/shields/shield_vanguard": {
    "criteria": {
      "has_planks": "2024-07-08 22:49:02 +0000"
    },
    "done": true
  },
  "everycomp:recipes/everycomp.everycomp/ap/byg/aspen_board_slab": {
    "criteria": {
      "has_planks": "2024-07-08 22:49:02 +0000"
    },
    "done": true
  },
  "adorn:recipes/picket_fence": {
    "criteria": {
      "has_key_item_0": "2024-07-08 22:49:02 +0000"
    },
    "done": true
  },
  "byg:recipes/byg.byg/aspen_trapdoor": {
    "criteria": {
      "has_planks": "2024-07-08 22:49:02 +0000"
    },
    "done": true
  },
  "betternether:recipes/decorations/piston": {
    "criteria": {
      "has_tag_planks": "2024-07-08 22:49:02 +0000"
    },
    "done": true
  },
  "byg:recipes/byg.byg/aspen_button": {
    "criteria": {
      "has_planks": "2024-07-08 22:49:02 +0000"
    },
    "done": true
  },
  "besmirchment:demonic_deed": {
    "criteria": {
      "has_item": "2024-07-08 22:33:38 +0000"
    },
    "done": true
  },
  "everycomp:recipes/everycomp.everycomp/faf/byg/aspen_beehive": {
    "criteria": {
      "has_planks": "2024-07-08 22:49:02 +0000"
    },
    "done": true
  },
  "mutantmonsters:root": {
    "criteria": {
      "killed_something": "2024-07-08 22:43:32 +0000"
    },
    "done": true
  },
  "archon:root": {
    "criteria": {
      "tick": "2024-07-08 22:33:37 +0000"
    },
    "done": true
  },
  "minecraft:husbandry/balanced_diet": {
    "criteria": {
      "bread": "2024-07-08 22:43:57 +0000"
    },
    "done": false
  },
  "byg:recipes/byg.byg/aspen_wood": {
    "criteria": {
      "has_log": "2024-07-08 22:48:59 +0000"
    },
    "done": true
  },
  "bewitchment:recipes/decorations/juniper_chest": {
    "criteria": {
      "has_lots_of_items": "2024-07-08 22:33:38 +0000"
    },
    "done": true
  },
  "bewitchment:recipes/decorations/cypress_chest": {
    "criteria": {
      "has_lots_of_items": "2024-07-08 22:33:38 +0000"
    },
    "done": true
  },
  "mcdw:recipes/shortbows/bow_love_spell_bow": {
    "criteria": {
      "has_base_bow": "2024-07-08 22:33:38 +0000"
    },
    "done": true
  },
  "charm:core/automation": {
    "criteria": {
      "player_joined": "2024-07-08 22:33:35 +0000"
    },
    "done": true
  },
  "byg:recipes/byg.byg/aspen_door": {
    "criteria": {
      "has_planks": "2024-07-08 22:49:02 +0000"
    },
    "done": true
  },
  "the_bumblezone:the_bumblezone/wiki": {
    "criteria": {
      "instant_granted": "2024-07-08 22:33:37 +0000"
    },
    "done": true
  },
  "byg:recipes/byg.byg/aspen_pressure_plate": {
    "criteria": {
      "has_planks": "2024-07-08 22:49:02 +0000"
    },
    "done": true
  },
  "naturescompass:natures_compass_sapling": {
    "criteria": {
      "has_recipe": "2024-07-08 22:33:38 +0000"
    },
    "done": true
  },
  "betternether:recipes/decorations/shield": {
    "criteria": {
      "has_tag_planks": "2024-07-08 22:49:02 +0000"
    },
    "done": true
  },
  "everycomp:recipes/everycomp.everycomp/af/byg/aspen_bench": {
    "criteria": {
      "has_planks": "2024-07-08 22:49:02 +0000"
    },
    "done": true
  },
  "supplementaries:recipes/decorations/byg/hanging_sign_aspen": {
    "criteria": {
      "has_planks": "2024-07-08 22:49:02 +0000"
    },
    "done": true
  },
  "bclib:recipes/decorations/tag_shield": {
    "criteria": {
      "has_tag_planks": "2024-07-08 22:49:02 +0000"
    },
    "done": true
  },
  "naturalist:recipes/food/cooked_egg": {
    "criteria": {
      "has_eggs": "2024-07-08 22:33:38 +0000"
    },
    "done": true
  },
  "bewitchment:recipes/decorations/elder_chest": {
    "criteria": {
      "has_lots_of_items": "2024-07-08 22:33:38 +0000"
    },
    "done": true
  },
  "bclib:recipes/decorations/tag_piston": {
    "criteria": {
      "has_tag_planks": "2024-07-08 22:49:02 +0000"
    },
    "done": true
  },
  "charm:core/mobs": {
    "criteria": {
      "player_joined": "2024-07-08 22:33:35 +0000"
    },
    "done": true
  },
  "everycomp:recipes/everycomp.everycomp/ap/byg/aspen_railing": {
    "criteria": {
      "has_planks": "2024-07-08 22:49:02 +0000"
    },
    "done": true
  },
  "everycomp:recipes/everycomp.everycomp/af/byg/aspen_shelf": {
    "criteria": {
      "has_planks": "2024-07-08 22:49:02 +0000"
    },
    "done": true
  },
  "everycomp:recipes/everycomp.everycomp/af/byg/aspen_drawer": {
    "criteria": {
      "has_planks": "2024-07-08 22:49:02 +0000"
    },
    "done": true
  },
  "betterdungeons:root": {
    "criteria": {
      "always": "2024-07-08 22:33:37 +0000"
    },
    "done": true
  },
  "rpg_classes:root": {
    "criteria": {
      "always": "2024-07-08 22:33:37 +0000"
    },
    "done": true
  },
  "mythicmobs:mythicmobs": {
    "criteria": {
      "tick": "2024-07-08 22:33:37 +0000"
    },
    "done": true
  },
  "snowyspirit:recipes/transportation/byg/sled_aspen": {
    "criteria": {
      "has_planks": "2024-07-08 22:49:02 +0000"
    },
    "done": true
  },
  "byg:recipes/byg.byg/aspen_planks": {
    "criteria": {
      "has_logs": "2024-07-08 22:48:59 +0000"
    },
    "done": true
  },
  "minecraft:adventure/kill_a_mob": {
    "criteria": {
      "minecraft:zombie": "2024-07-08 22:43:32 +0000"
    },
    "done": true
  },
  "takesapillage:root": {
    "criteria": {
      "always": "2024-07-08 22:33:37 +0000"
    },
    "done": true
  },
  "adorn:stone_torch": {
    "criteria": {
      "has_stone_torch": "2024-07-08 22:33:38 +0000"
    },
    "done": true
  },
  "everycomp:recipes/everycomp.everycomp/db/byg/aspen_beam": {
    "criteria": {
      "has_planks": "2024-07-08 22:49:02 +0000"
    },
    "done": true
  },
  "byg:recipes/byg.byg/aspen_boat": {
    "criteria": {
      "has_planks": "2024-07-08 22:49:02 +0000"
    },
    "done": true
  },
  "byg:root": {
    "criteria": {
      "tick": "2024-07-08 22:33:37 +0000"
    },
    "done": true
  },
  "the_bumblezone:the_bumblezone/root": {
    "criteria": {
      "instant_granted": "2024-07-08 22:33:37 +0000"
    },
    "done": true
  },
  "byg:adventure/oh_the_biomes_youll_go": {
    "criteria": {
      "byg:weeping_witch_forest": "2024-07-08 22:42:48 +0000",
      "byg:aspen_forest": "2024-07-08 22:33:38 +0000"
    },
    "done": false
  },
  "bwplus:root": {
    "criteria": {
      "trigger": "2024-07-08 22:33:37 +0000"
    },
    "done": true
  },
  "toms_storage:unlock_glowstone": {
    "criteria": {
      "inv_changed-glowstone": "2024-07-08 22:33:38 +0000"
    },
    "done": true
  },
  "seasonsextras:recipes/air_conditioning": {
    "criteria": {
      "has_furnace": "2024-07-08 22:33:38 +0000"
    },
    "done": true
  },
  "adorn:recipes/byg/aspen_kitchen_sink": {
    "criteria": {
      "has_planks": "2024-07-08 22:49:02 +0000"
    },
    "done": true
  },
  "meadow:recipes/cheese_bread": {
    "criteria": {
      "has_bread": "2024-07-08 22:33:38 +0000"
    },
    "done": true
  },
  "everycomp:recipes/everycomp.everycomp/tw/byg/aspen_table": {
    "criteria": {
      "has_planks": "2024-07-08 22:49:02 +0000"
    },
    "done": true
  },
  "architects_palette:recipes/building_blocks/charcoal_block_from_smoking": {
    "criteria": {
      "has_log": "2024-07-08 22:48:59 +0000"
    },
    "done": true
  },
  "byg:husbandry/root": {
    "criteria": {
      "consumed_item": "2024-07-08 22:43:57 +0000"
    },
    "done": true
  },
  "minecraft:recipes/misc/charcoal": {
    "criteria": {
      "has_log": "2024-07-08 22:48:59 +0000"
    },
    "done": true
  },
  "charm:core/smithing": {
    "criteria": {
      "player_joined": "2024-07-08 22:33:35 +0000"
    },
    "done": true
  },
  "supplementaries:recipes/decorations/byg/sign_post_aspen": {
    "criteria": {
      "has_planks": "2024-07-08 22:49:02 +0000"
    },
    "done": true
  },
  "minecraft:husbandry/root": {
    "criteria": {
      "consumed_item": "2024-07-08 22:43:57 +0000"
    },
    "done": true
  },
  "seasonsextras:recipes/greenhouse_glass": {
    "criteria": {
      "has_glass": "2024-07-08 22:33:38 +0000"
    },
    "done": true
  },
  "everycomp:recipes/everycomp.everycomp/ap/byg/aspen_board_wall": {
    "criteria": {
      "has_planks": "2024-07-08 22:49:02 +0000"
    },
    "done": true
  },
  "toms_storage:unlock_dia_pearl": {
    "criteria": {
      "inv_changed-ender_pearl": "2024-07-08 22:33:38 +0000",
      "inv_changed-diamond": "2024-07-08 22:33:38 +0000"
    },
    "done": true
  },
  "minecraft:recipes/decorations/barrel": {
    "criteria": {
      "has_planks": "2024-07-08 22:49:02 +0000"
    },
    "done": true
  },
  "byg:recipes/byg.byg/aspen_slab": {
    "criteria": {
      "has_planks": "2024-07-08 22:49:02 +0000"
    },
    "done": true
  },
  "byg:recipes/byg.byg/aspen_bookshelf": {
    "criteria": {
      "has_planks": "2024-07-08 22:49:02 +0000"
    },
    "done": true
  },
  "mcdw:recipes/crossbows/crossbow_harpoon_crossbow": {
    "criteria": {
      "has_planks": "2024-07-08 22:49:02 +0000"
    },
    "done": true
  },
  "minecraft:adventure/root": {
    "criteria": {
      "killed_something": "2024-07-08 22:43:32 +0000"
    },
    "done": true
  },
  "adorn:recipes/crate": {
    "criteria": {
      "has_key_item_0": "2024-07-08 22:49:02 +0000"
    },
    "done": true
  },
  "charm:core/tools": {
    "criteria": {
      "player_joined": "2024-07-08 22:33:35 +0000"
    },
    "done": true
  },
  "seasonsextras:recipes/crop_season_tester": {
    "criteria": {
      "has_iron": "2024-07-08 22:33:38 +0000"
    },
    "done": true
  },
  "farmersdelight:main/root": {
    "criteria": {
      "seeds": "2024-07-08 22:33:38 +0000"
    },
    "done": true
  },
  "byg:recipes/byg.byg/aspen_fence": {
    "criteria": {
      "has_planks": "2024-07-08 22:49:02 +0000"
    },
    "done": true
  },
  "mcdw:recipes/shortbows/bow_mechanical_shortbow": {
    "criteria": {
      "has_base_bow": "2024-07-08 22:33:38 +0000"
    },
    "done": true
  },
  "everycomp:recipes/everycomp.everycomp/af/byg/aspen_table": {
    "criteria": {
      "has_planks": "2024-07-08 22:49:02 +0000"
    },
    "done": true
  },
  "things:root": {
    "criteria": {
      "tick": "2024-07-08 22:33:37 +0000"
    },
    "done": true
  },
  "charm:core/root": {
    "criteria": {
      "player_joined": "2024-07-08 22:33:35 +0000"
    },
    "done": true
  },
  "everycomp:recipes/everycomp.everycomp/db/byg/aspen_palisade": {
    "criteria": {
      "has_planks": "2024-07-08 22:49:02 +0000"
    },
    "done": true
  },
  "architects_palette:main/root": {
    "criteria": {
      "craftingtable": "2024-07-08 22:33:38 +0000"
    },
    "done": true
  },
  "minecraft:adventure/kill_all_mobs": {
    "criteria": {
      "minecraft:zombie": "2024-07-08 22:43:32 +0000"
    },
    "done": false
  },
  "advancednetherite:recipes/netherite_iron_block": {
    "criteria": {
      "has_ingredients": "2024-07-08 22:33:38 +0000"
    },
    "done": true
  },
  "dungeons_arise:wda_root": {
    "criteria": {
      "WDA": "2024-07-08 22:33:37 +0000"
    },
    "done": true
  },
  "charm:core/world": {
    "criteria": {
      "player_joined": "2024-07-08 22:33:35 +0000"
    },
    "done": true
  },
  "bwplus:hidden_unlocks/ectoplasm": {
    "criteria": {
      "has_item": "2024-07-08 22:33:38 +0000"
    },
    "done": true
  },
  "everycomp:recipes/everycomp.everycomp/fd/byg/aspen_cabinet": {
    "criteria": {
      "has_planks": "2024-07-08 22:49:02 +0000"
    },
    "done": true
  },
  "charm:core/decoration": {
    "criteria": {
      "player_joined": "2024-07-08 22:33:35 +0000"
    },
    "done": true
  },
  "everycomp:recipes/everycomp.everycomp/af/byg/aspen_planter_box": {
    "criteria": {
      "has_planks": "2024-07-08 22:49:02 +0000"
    },
    "done": true
  },
  "seasonsextras:recipes/season_detector": {
    "criteria": {
      "has_detector": "2024-07-08 22:33:38 +0000"
    },
    "done": true
  },
  "adorn:everything": {
    "criteria": {
      "has_stone_torch": "2024-07-08 22:33:38 +0000"
    },
    "done": false
  },
  "charm:core/tweaks": {
    "criteria": {
      "player_joined": "2024-07-08 22:33:35 +0000"
    },
    "done": true
  },
  "adorn:recipes/byg/aspen_post": {
    "criteria": {
      "has_aspen_planks": "2024-07-08 22:49:02 +0000"
    },
    "done": true
  },
  "toms_storage:unlock_chest": {
    "criteria": {
      "inv_changed-chest": "2024-07-08 22:33:38 +0000"
    },
    "done": true
  },
  "naturescompass:natures_compass_log": {
    "criteria": {
      "has_recipe": "2024-07-08 22:33:38 +0000"
    },
    "done": true
  },
  "advancednetherite:recipes/netherite_ingots": {
    "criteria": {
      "has_ingredients": "2024-07-08 22:33:38 +0000"
    },
    "done": true
  },
  "whisperwoods:recipes/whisperwoods/hand_of_fate": {
    "criteria": {
      "has_blaze_powder": "2024-07-08 22:33:38 +0000"
    },
    "done": true
  },
  "immersive_weathering:immersive_weathering/dirts": {
    "criteria": {
      "dirt": "2024-07-08 22:43:05 +0000"
    },
    "done": false
  },
  "immersive_armors:recipes/misc/wooden": {
    "criteria": {
      "has_item": "2024-07-08 22:48:59 +0000"
    },
    "done": true
  },
  "repurposed_structures:root": {
    "criteria": {
      "always": "2024-07-08 22:33:37 +0000"
    },
    "done": true
  },
  "DataVersion": 3120
}