{
  "betterdungeons:root": {
    "criteria": {
      "always": "2024-07-08 22:33:37 +0000"
    },
    "done": true
  },
  "rpg_classes:root": {
    "criteria": {
      "always": "2024-07-08 22:33:37 +0000"
    },
    "done": true
  },
  "mythicmobs:mythicmobs": {
    "criteria": {
      "tick": "2024-07-08 22:33:37 +0000"
    },
    "done": true
  },
  "takesapillage:root": {
    "criteria": {
      "always": "2024-07-08 22:33:37 +0000"
    },
    "done": true
  },
  "naturescompass:natures_compass": {
    "criteria": {
      "has_compass": "2024-07-08 22:33:38 +0000"
    },
    "done": true
  },
  "adorn:stone_torch": {
    "criteria": {
      "has_stone_torch": "2024-07-08 22:33:38 +0000"
    },
    "done": true
  },
  "biomemakeover:biomemakeover/root": {
    "criteria": {
      "enter_mushroom_fields": "2024-07-08 22:33:38 +0000",
      "enter_swamp": "2024-07-08 22:33:38 +0000",
      "enter_dark_forest": "2024-07-08 22:33:38 +0000",
      "enter_badlands": "2024-07-08 22:33:38 +0000"
    },
    "done": true
  },
  "byg:root": {
    "criteria": {
      "tick": "2024-07-08 22:33:37 +0000"
    },
    "done": true
  },
  "the_bumblezone:the_bumblezone/root": {
    "criteria": {
      "instant_granted": "2024-07-08 22:33:37 +0000"
    },
    "done": true
  },
  "advancednetherite:recipes/netherite_emerald_block": {
    "criteria": {
      "has_ingredients": "2024-07-08 22:33:38 +0000"
    },
    "done": true
  },
  "byg:adventure/oh_the_biomes_youll_go": {
    "criteria": {
      "byg:aspen_forest": "2024-07-08 22:33:38 +0000"
    },
    "done": false
  },
  "bwplus:root": {
    "criteria": {
      "trigger": "2024-07-08 22:33:37 +0000"
    },
    "done": true
  },
  "toms_storage:unlock_glowstone": {
    "criteria": {
      "inv_changed-glowstone": "2024-07-08 22:33:38 +0000"
    },
    "done": true
  },
  "seasonsextras:recipes/air_conditioning": {
    "criteria": {
      "has_furnace": "2024-07-08 22:33:38 +0000"
    },
    "done": true
  },
  "meadow:recipes/cheese_bread": {
    "criteria": {
      "has_bread": "2024-07-08 22:33:38 +0000"
    },
    "done": true
  },
  "charm:core/smithing": {
    "criteria": {
      "player_joined": "2024-07-08 22:33:35 +0000"
    },
    "done": true
  },
  "advancednetherite:recipes/netherite_gold_block": {
    "criteria": {
      "has_ingredients": "2024-07-08 22:33:38 +0000"
    },
    "done": true
  },
  "toms_storage:unlock_netherite": {
    "criteria": {
      "inv_changed-netherite": "2024-07-08 22:33:38 +0000"
    },
    "done": true
  },
  "minecraft:recipes/decorations/chest": {
    "criteria": {
      "has_lots_of_items": "2024-07-08 22:33:38 +0000"
    },
    "done": true
  },
  "seasonsextras:recipes/greenhouse_glass": {
    "criteria": {
      "has_glass": "2024-07-08 22:33:38 +0000"
    },
    "done": true
  },
  "toms_storage:unlock_dia_pearl": {
    "criteria": {
      "inv_changed-ender_pearl": "2024-07-08 22:33:38 +0000",
      "inv_changed-diamond": "2024-07-08 22:33:38 +0000"
    },
    "done": true
  },
  "bewitchment:recipes/decorations/dragons_blood_chest": {
    "criteria": {
      "has_lots_of_items": "2024-07-08 22:33:38 +0000"
    },
    "done": true
  },
  "seasonsextras:recipes/season_calendar": {
    "criteria": {
      "has_clock": "2024-07-08 22:33:38 +0000"
    },
    "done": true
  },
  "advancednetherite:recipes/netherite_diamond_block": {
    "criteria": {
      "has_ingredients": "2024-07-08 22:33:38 +0000"
    },
    "done": true
  },
  "mcdw:recipes/shortbows/bow_purple_storm": {
    "criteria": {
      "has_base_bow": "2024-07-08 22:33:38 +0000"
    },
    "done": true
  },
  "charm:core/tools": {
    "criteria": {
      "player_joined": "2024-07-08 22:33:35 +0000"
    },
    "done": true
  },
  "seasonsextras:recipes/tinted_greenhouse_glass": {
    "criteria": {
      "has_glass": "2024-07-08 22:33:38 +0000"
    },
    "done": true
  },
  "seasonsextras:recipes/crop_season_tester": {
    "criteria": {
      "has_iron": "2024-07-08 22:33:38 +0000"
    },
    "done": true
  },
  "farmersdelight:main/root": {
    "criteria": {
      "seeds": "2024-07-08 22:33:38 +0000"
    },
    "done": true
  },
  "mcdw:recipes/shortbows/bow_mechanical_shortbow": {
    "criteria": {
      "has_base_bow": "2024-07-08 22:33:38 +0000"
    },
    "done": true
  },
  "things:root": {
    "criteria": {
      "tick": "2024-07-08 22:33:37 +0000"
    },
    "done": true
  },
  "charm:core/root": {
    "criteria": {
      "player_joined": "2024-07-08 22:33:35 +0000"
    },
    "done": true
  },
  "architects_palette:main/root": {
    "criteria": {
      "craftingtable": "2024-07-08 22:33:38 +0000"
    },
    "done": true
  },
  "advancednetherite:recipes/netherite_iron_block": {
    "criteria": {
      "has_ingredients": "2024-07-08 22:33:38 +0000"
    },
    "done": true
  },
  "dungeons_arise:wda_root": {
    "criteria": {
      "WDA": "2024-07-08 22:33:37 +0000"
    },
    "done": true
  },
  "besmirchment:demonic_deed": {
    "criteria": {
      "has_item": "2024-07-08 22:33:38 +0000"
    },
    "done": true
  },
  "charm:core/world": {
    "criteria": {
      "player_joined": "2024-07-08 22:33:35 +0000"
    },
    "done": true
  },
  "archon:root": {
    "criteria": {
      "tick": "2024-07-08 22:33:37 +0000"
    },
    "done": true
  },
  "bwplus:hidden_unlocks/ectoplasm": {
    "criteria": {
      "has_item": "2024-07-08 22:33:38 +0000"
    },
    "done": true
  },
  "bewitchment:recipes/decorations/juniper_chest": {
    "criteria": {
      "has_lots_of_items": "2024-07-08 22:33:38 +0000"
    },
    "done": true
  },
  "bewitchment:recipes/decorations/cypress_chest": {
    "criteria": {
      "has_lots_of_items": "2024-07-08 22:33:38 +0000"
    },
    "done": true
  },
  "mcdw:recipes/shortbows/bow_love_spell_bow": {
    "criteria": {
      "has_base_bow": "2024-07-08 22:33:38 +0000"
    },
    "done": true
  },
  "charm:core/automation": {
    "criteria": {
      "player_joined": "2024-07-08 22:33:35 +0000"
    },
    "done": true
  },
  "charm:core/decoration": {
    "criteria": {
      "player_joined": "2024-07-08 22:33:35 +0000"
    },
    "done": true
  },
  "seasonsextras:recipes/season_detector": {
    "criteria": {
      "has_detector": "2024-07-08 22:33:38 +0000"
    },
    "done": true
  },
  "adorn:everything": {
    "criteria": {
      "has_stone_torch": "2024-07-08 22:33:38 +0000"
    },
    "done": false
  },
  "the_bumblezone:the_bumblezone/wiki": {
    "criteria": {
      "instant_granted": "2024-07-08 22:33:37 +0000"
    },
    "done": true
  },
  "charm:core/tweaks": {
    "criteria": {
      "player_joined": "2024-07-08 22:33:35 +0000"
    },
    "done": true
  },
  "toms_storage:unlock_chest": {
    "criteria": {
      "inv_changed-chest": "2024-07-08 22:33:38 +0000"
    },
    "done": true
  },
  "naturescompass:natures_compass_log": {
    "criteria": {
      "has_recipe": "2024-07-08 22:33:38 +0000"
    },
    "done": true
  },
  "naturescompass:natures_compass_sapling": {
    "criteria": {
      "has_recipe": "2024-07-08 22:33:38 +0000"
    },
    "done": true
  },
  "naturalist:recipes/food/cooked_egg": {
    "criteria": {
      "has_eggs": "2024-07-08 22:33:38 +0000"
    },
    "done": true
  },
  "bewitchment:recipes/decorations/elder_chest": {
    "criteria": {
      "has_lots_of_items": "2024-07-08 22:33:38 +0000"
    },
    "done": true
  },
  "charm:core/mobs": {
    "criteria": {
      "player_joined": "2024-07-08 22:33:35 +0000"
    },
    "done": true
  },
  "advancednetherite:recipes/netherite_ingots": {
    "criteria": {
      "has_ingredients": "2024-07-08 22:33:38 +0000"
    },
    "done": true
  },
  "whisperwoods:recipes/whisperwoods/hand_of_fate": {
    "criteria": {
      "has_blaze_powder": "2024-07-08 22:33:38 +0000"
    },
    "done": true
  },
  "repurposed_structures:root": {
    "criteria": {
      "always": "2024-07-08 22:33:37 +0000"
    },
    "done": true
  },
  "DataVersion": 3120
}